Activity,Time spent day : 2024-06-12
Google Chrome ,0:00:05.066000
MINGW64 ,0:00:05.054418
Visual Studio Code ,0:03:09.972081
WhatsApp ,0:00:03.016000
