Activity,Time spent day : 2024-06-12
Google Chrome ,0:00:10.136000
MINGW64 ,0:01:14.776532
Visual Studio Code ,0:05:11.239822
WhatsApp ,0:00:03.016000
